Id,company,description,link,location,search_city,title
0,"Atlas Air, Inc.","Overview
Provide strategic design and maintenance of business intelligence applications. Identifies, researches, and resolves technical problems. Ensures that the use of business intelligence applications enhance business decision making capabilities.
Responsibilities
Design, build, test and maintain scalable and stable off the shelf application or custom built technology solutions to meet business needs
Design and develop highly visual, interactive, and layered Business Intelligence solutions using Tableau and Business Objects.
Responsible for data preparation, data blending, the creation of data models /sets using various applications including ‘app’ development.
Develop production reports originating from the Data Warehouse to be used by the business for ongoing analytical and strategic operation plans.
Triage requests, gather user requirements and facilitate ad hoc report and data requests with a quick turn-around.
Define and document processes, best practices, and strategies for existing and future BI solutions, optimizing business efficiencies as it relates to process improvement.
Leverage extensive datasets and various statistical software applications to develop and execute strategic quantitative analysis
Investigate and report on complex data interactions to help identify and address our clients’ key strategic business opportunities
Act as a liaison between business users, management and application system IT support.
Interface with Data Warehouse and Architectural staff to provide data requirements to support ongoing BI initiative.
Perform other job related functions as assigned.
Qualifications
Bachelor's degree in Arts or Science, with emphasis in computer science, communication, economics, data analytics or a related field.
Masters in Computer Science a plus.
Must possess advanced background in Microsoft Office and advanced Excel.
Technical knowledge in T-SQL or PL/SQL programming languages
Experience with Tableau and Business Objects
Excellent database skills
Excellent problem solving, quantitative and analytical skills
In depth technical knowledge and ability to learn new technologies
Project management, scheduling and planning
Team player, excellent communication skills
Must be able to interact with senior management and collect requirements
Must be able to lead a team, use judgment and operate under ambiguity
Motivated, self-starter, strong work ethic
Strong written and oral communication skills.",http://www.indeed.com//rc/clk?jk=d3e4bb1f8346749f&fccid=8d1f0c6fbf5b4c47&vjs=3,New York State,New York,Business Intelligence Analyst
1,AppNexus,"Data Analysts are the creative thought leaders responsible for leveraging data to maximize performance for our most strategic clients and our product as a whole. We partner closely with the Account Management, Services, Product, Data Science, and Engineering teams to study client and product performance data, identify areas for improvement, and implement enhancements to drive success on our platform. Our team is focused on tool-building and teaching others so that we can scale analytical capabilities across AppNexus. This role is perfect for someone who has a quantitatively-oriented degree, commercial work experience, a passion for mathematics, analytics, coding, and a strong desire to use data to inspire success for our customers.

About the team:
The core mission of the Analytics organization is to drive strategy and execution across the company using data to inform and empower our partners. Whether we’re working with client-facing field teams or internal decision makers, we aim to meet any reporting, analytics, visualization and story-telling needs they may have. Beyond our data capabilities, our team acts as consultants for our partners, breaking down every request to ensure that the analytical insights we’re providing will truly help achieve our partners’ goals. Our toolkit includes elements of theory – probability models, statistics, machine learning, game theory – as well as practical tools and techniques for manipulating and exploring vast quantities of data. Depending on the exact role, we work closely with Production Engineers, Product Managers, Operations, Account Managers, Services, Marketing, and sometimes directly with clients to create novel features, systems, and analyses. We love that our contributions further AppNexus’ position as a pioneer and thought-leader in the AdTech industry, but at the end of the day, we measure our efforts based on the impact and value we create for our clients and internal teammates.

About the job:

Become an expert in Real Time Bidding (RTB), marketplace dynamics, optimization & yield management, and data visualization
Leverage creative problem solving and technical skills to tackle new, never-before-solved problems as they arise
Partner with internal teammates and our largest clients to provide Return on Investment (ROI)-focused insights and recommendations
Work alongside Data Science, Product and Engineering teams to roll out and monitor success of new algorithms and product lines
Develop new software, database and computer language capabilities and teach them to others to expand the technical skillset of our team (and our company as a whole)
Help build our Analytics practice by developing training materials, customer facing assets and internal resources

About your skills and experience:

3-6 years of relevant analytics work experience and a quantitatively-oriented degree
Experience compiling, manipulating, and gleaning insights from extremely large datasets in a fast-paced, entrepreneurial and fluid start-up environment
Strong analytical and problem-solving skills with a demonstrable passion to impose structure on seemingly undefined problems, dig into terabytes of data, and quickly construct tools
Experience with data visualization and using data to tell a story
Mastery of MS Excel; experience with relational databases, SQL and Python (NumPy, SciPy, Pandas)
1-2 years of experience leading projects from initial scoping phase to completion, including presenting insights and making recommendations to senior-level clients or stakeholders
Outstanding organization and presentation skills
Strong written and verbal communication skills

More about you:

You are passionate about a culture of learning and teaching. You love challenging yourself to constantly improve and sharing your knowledge to empower others.
You like to take risks when looking for novel solutions to complex problems. If faced with roadblocks, you continue to reach higher to make greatness happen.
You care about solving big, systemic problems. You look beyond the surface to understand root causes so that you can build long-term solutions for the whole ecosystem.
You believe in not only serving customers, but also empowering them by providing them with knowledge and tools.

Learn. Teach. Build.

AppNexians make greatness happen

Join our community

AppNexus is proud to offer equal opportunity in all aspects of employment. We strive to foster a diverse, inclusive and engaging work environment. We welcome applications from all candidates and look forward to receiving yours. Our diversity in action:


Partnering with Path Forward to offer returnships to help caregivers reenter the workforce
Sharing feedback openly through roundtable discussions on how to make progress on our Diversity & Inclusion goals
Celebrating our diversity with affinity groups (including OutNexus, AppNexus Women’s Network, AppNexus Latino Alliance and BlackNexus to name just a few!)

",http://www.indeed.com//rc/clk?jk=5f3ebd974ea69c14&fccid=c78d5b25b63aec9b&vjs=3,"New York, NY 10010",New York,Data Analyst
2,Spotify,"Spotify is seeking an Associate Marketing Analyst that will support the measurement of global marketing initiatives. This role reports to the Senior Manager, Marketing Data Science and you will work alongside a team of other marketing analysts. There will be significant collaboration with other marketing teams, particularly the Consumer Research, Marketing Strategy, Consumer Marketing, CRM and Media teams. You will leverage Spotify’s world class user data infrastructure and collaborate with Spotify’s global community of 100+ data analysts to improve the effectiveness of global marketing strategies.

What You’ll Do

Frequently analyze the results of marketing campaigns and recommend optimizations to improve performance

Ensure and monitor proper instrument tracking (e.g. via DoubleClick, Google Analytics, Adjust, internal CRM platforms) for marketing campaigns
Answer ad hoc marketing data questions, and troubleshoot tracking issues from a team of global marketers

Support targeting requests from a variety of different Marketing teams
Access marketing performance data through a variety of tools
Build performance reports and dashboards (e.g. Tableau, Datorama)

Who You Are

1+ years of experience in marketing analytics or business intelligence (focused in analytics) with a proven track record of delivering performance results required
Excel expertise required

Strong SQL skills required

Familiarity of digital media (search, display, social) and CRM (email, push notifications) preferred
Strong analytical skills, including data querying and dashboarding, preferred
Familiarity with marketing tracking platforms (e.g. DoubleClick, Google Tag Manager, Google Analytics, Adjust) preferred",http://www.indeed.com//rc/clk?jk=eabfe4fc4fe04028&fccid=fe404d18bb9eef1e&vjs=3,"New York, NY 10011",New York,"Associate Data Scientist, Global Marketing Analytics"
3,Acacia Technical Services,"Title: Data Analyst
Location either NYC or Paramus, NJ - must be available to work in either location
Job Definition:
A Data Analyst applies analysis and design techniques to address business needs in order to produce data extracts, data feeds and reports for analytical applications that enable users to access and analyze data in the data warehouse and report applications.
Develops business requirements and data rules to understand application data.
Duties and Responsibilities
Consult with project team and business liaison to identify and analyze needs.
Attend fact-gathering sessions (when applicable), analyze and solve problems with some assistance
Develops business oriented data dictionaries.
Profiles the data to measure quality and integrity of the data collected.
Develop systems specifications based on business rules, specifications and process flows
Develop data flow, application and ER diagrams and technical specifications
Implement tools, scripts, queries or applications for accessing and analyzing data and associated metadata.
Write technical specifications for ETL processes or components.
Develop production migration steps and documentation
Perform unit and system integration testing.
Design and develop training for end users
Skills and Experience Required
MUST HAVE Property and Casualty Insurance Experience- Commercial Lines.
College degree in computer science, information systems, or computer engineering or equivalent business experience.
Certifications in Microsoft Certified Technical Specialist and/ or Microsoft Certified Professional Developer Experience in designing and architecting database systems.
Experience in using and querying RDBMS systems, including SQL Server 2005/2008 In depth knowledge of applicable data privacy practices and laws.
Excellent understanding of the organization goals and objectives.
Highly self motivated, Keen attention to detail, Ability to effectively prioritize and execute tasks in a high pressure environment.
Proven analytical, evaluative and problem solving abilities.
Extensive experience working in a team oriented, collaborative environment.
Exception customer service orientation.
Good understanding of project management principles.
Experience with data modeling tools.
Excellent written and oral communication skills, Ability to conduct and direct research into IT issues and products as required.
Key Deliverables
Finalized data business rules documents
Data dictionaries
Business metadata definitions and
Data access methodology
End user training sessions
Documentation of process, including configuration and security
Timely change management documentation",http://www.indeed.com//rc/clk?jk=f9bc2efbe1dfb80f&fccid=bba704c62f81e034&vjs=3,New York State,New York,Data Analyst
4,Undertone,"At Undertone, we sit at the intersection of media, creative and technology. We have formed deep partnerships with the world’s best digital media properties, developed a suite of groundbreaking multi-screen creative formats for brands to leverage, and built technology platforms that underpin every aspect of campaign planning, delivery, optimization and measurement.
Undertone’s Data Management Service (UDMS) is a big data, cloud-based data-warehouse, dashboard and reporting enterprise responsible for providing information to the entire company. Do you want to help enable a data-driven organization? This is your opportunity to join a mission critical team, at an innovative company in an industry that is highly utilizing the power of data.
As a member of Undertone’s Analytics & Measurement Team, you will be a part of the company’s data analytics revolution which leads an organizational shift to an advanced analytical system, provides new data capabilities, builds new analytical and data products driving the business upward.
Job Responsibilities:
Work with business leaders to understand their analytical needs, including identifying critical metrics and KPIs
Use analytical and problem-solving skills to deliver actionable insights to relevant decision makers
Work with the team members to ensure projects are delivered on time and meet user expectations, while learning from leaders in the analytical space
Develop rich interactive visualizations integrating various reporting components from multiple data sources
Use SQL, Tableau and other technologies to pull data from different backend systems and product meaningful information and visualizations
Work directly with users and management to gather requirements, provide status updates, and build good relationships
Profile and Experience:
Must be in the last year a Bachelor’s degree or enrolled in a Master’s degree program in the following fields: Data Analytics / Data Science / Engineering / Mathematics
Expert SQL coding skills against large data sets
Strong analytical skills
Strong oral and written communications skill
Knowledge of business intelligence tools such as Tableau – a plus

Undertone is committed to building a company whose staff reflects the true diversity of our community. Our employees are hired, promoted, and rewarded on the basis of talent, performance, dedication and results. We embrace our diversity and are proud to be an Equal Opportunity Employer that welcomes all candidates without regard to race, creed, color, religion, national origin, alienage or citizenship status, sex, age, sexual orientation, gender identity, marital status, partnership status, ancestry, disability or veteran status.",http://www.indeed.com//rc/clk?jk=04e7951a4131e2ce&fccid=8a1948097c0acf32&vjs=3,"New York, NY 10173",New York,Data Analyst Intern
5,The New York Times,"About the position:
Wirecutter is seeking a Data Analyst to join our small-but-growing Finance and Data group. The data team is responsible for data analytics, data engineering, and data science for TheWirecutter.com. This is an interdisciplinary role that works with stakeholders across the company, including senior leadership.

Why you should apply:
We’re pioneering a new type of service journalism and if you’re savvy and experienced in web analytics, ecommerce, affiliate marketing or any combination of the above you will have a unique opportunity to help shape how we improve our readers’ lives. As the Data Analyst, you will play a key role in helping us understand our readers and informing the direction of our business by defining, monitoring and analyzing essential web analytics and business metrics and communicating appropriate findings with recommended actions to stakeholders.

About Wirecutter:
Founded by journalists fed up with the time and energy it takes to shop, Wirecutter developed a simpler approach to giving buying advice: just tell people exactly what to get in one single guide. The company’s purpose: to help people find great things, quickly and easily. Through rigorous testing, research, reporting, and whatever means necessary, they create straightforward recommendations that save readers from unnecessary stress, time, and effort. We then monetize these guides by enabling our readers to easily purchase the products they are interested in.

Locations:
Even with offices in New York City and Los Angeles, Wirecutter remains a highly remote culture, and open to employing people across the country (and in Canada!). Right now, we are eligible to hire in AZ, CA, CT, CO, DC, FL, GA, IL, IN, MA, ME, MI, MN, MO, NV, NJ, NY, NC, OH, OR, PA, TX, VA, WA. If you live outside of these states but are still interested in working with Wirecutter, you are welcome to apply, and we will keep your information on file for future opportunities.

Responsibilities:
Maintain ongoing reporting that paints a picture of the “pulse” of our business
Proactively analyze data to answer key questions from stakeholders or out of self-initiated curiosity with an eye for what drives business performance
Ability to understand the business operations as a whole and translate questions into effective analysis based on the goals behind the specific asks
Communicate findings effectively and translate them into recommended actions appropriate for each area of the business
Design and build automated reporting dashboards on our BI platform

Qualifications:
Excellent verbal and written communication skills
Comfortable deconstructing complex and open-ended problems which may not yield a clear cut solution
Ability to work independently and to carry out assignments to completion based on the original goals with minimal supervision
4-year degree in statistics or related field
3+ years of experience in a data analyst role at an affiliate marketing, e-commerce company, or online publisher
3+ years of experience using SQL is required
1+ year of experience designing and building automated reporting dashboards with a data visualization tool such as Tableau or similar
Proficient with statistical analysis tools such as R or similar
Google Analytics certification or equivalent experience
Demonstrated ability to work collaboratively in a multi-disciplinary team
Strong interest in Wirecutter’s mission

Culture and benefits at The New York Times Company and Wirecutter:
Though Wirecutter has physical locations in both NYC and LA, the company promotes and encourages a remote workforce, so that our employees can work in flexible and comfortable ways.
We are committed to career development, supported by a formal mentoring program as well as tuition reimbursement. The New York Times Company offers frequent panel discussions and talks by industry leaders (Sheryl Sandberg, Melinda Gates and Ta-Nehisi Coates are a few recent examples), that we encourage our employees to attend.
We believe diversity fuels innovation and creativity, and we have a variety of employee groups and task forces across The New York Times Company and Wirecutter dedicated to fostering a diverse and inclusive workplace.
We offer a generous parental leave policy, which was recently expanded in response to employee feedback. Birth mothers receive 16 weeks fully paid, adoptive parents and birth fathers receive 10 weeks also fully paid. Similarly, we offer competitive health and dental insurance, as well as 401k matching.
#LI-HK1

If you are an active employee at The New York Times or any affiliates, please do not apply here. Go to the Career Worklet on your Workday home page and View ""Find Internal Jobs"". Thank you!

The New York Times Company is an Equal Opportunity Employer and does not discriminate on the basis of an individual's sex, age, race, color, creed, national origin, alienage, religion, marital status, pregnancy, sexual orientation or affectional preference, gender identity and expression, disability, genetic trait or predisposition, carrier status, citizenship, veteran or military status and other personal characteristics protected by law. All applications will receive consideration for employment without regard to legally protected characteristics.",http://www.indeed.com//rc/clk?jk=2f4ab0a8ac3e0eba&fccid=1b50fcfb150b1b48&vjs=3,"New York, NY",New York,Data Analyst
6,Peloton,"ABOUT THE ROLE

As a Data Analyst, you will lead data collection, analysis, and reporting projects across multiple functional groups, as a member of our Business Intelligence team.

RESPONSIBILITIES


Define and align KPIs across multiple functional groups (marketing, product, technology) and business objectives (acquisition, sales, engagement, retention)
Compile and reconcile data from multiple sources
Identify gaps in our data collection and collaborate with product and engineering on data capture specifications
Define and create reporting dashboards
Develop a vision to extend/improve our existing analytics and reporting technology stack
Stay up to date with the latest technologies and trends in analytics

REQUIREMENTS


3-5 years work experience in analytics or business intelligence capacity
Strong understanding of best practices around ecommerce and subscription retention KPIs
Hands-on experience with reporting and data visualization tools such as Looker, Tableau, Geckoboard, etc.
High level of proficiency in Excel and SQL
In-depth knowledge of the strengths and limitations of various analytics tools (Google Analytics, Mixpanel, etc.) to understand how those tools can complement our in-house analytics reports. You should know when not to reinvent the wheel on reports that can be easily created using external tools.

IDEAL SKILLS


Proficiency in developing engaging Keynote/Powerpoint presentations
Experience with statistical modeling using R/Python

",http://www.indeed.com//rc/clk?jk=fdb2c64879731caa&fccid=8899ecbdba2d0a5e&vjs=3,"New York, NY",New York,Data Analyst
7,Morgan Stanley,"he Data Management Organization (DMO) is leading the charge on data strategy and management in MS Research. Given the growing strategic importance of data, the Research DMO is a key enabler to both the “Offense” (generating new commercial opportunities) and “Defense” (ensuring proper data use and risk management). The group is seeking an entrepreneurial Data Analyst with previous experience in advancing a data strategy for a firm/division. The role is dynamic, fast paced and interacts with multiple stakeholders.
The Data Analyst will work closely with SMEs and data owners to analyze data, ensure data governance and data quality standards are in place, look for efficiencies in the business process and work with our technology partners to implement solutions.

Influence the design of data quality standards and governance processes•Implement and enforce Data Quality Management practices across Research including metadata, lineage, data access rights and business definitions •Perform root cause analysis on critical data quality issues, work with technology and SMEs on defining a solution and help implement the solution•Design and report on data quality and usage metrics •Complete large scale data analysis, document findings and reconcile across data stores•Support the data analysis required to place data into a shared platform for consumption by others, requiring detailed reviews with the business owners and identify the use of data and understand calculations and derivations•Partner with technology to understand where data already exists in the shared platform and ensure that data is not duplicated•Explore and evaluate new concepts, technologies and industry trends related to data analytics

Technical Qualifications•Experience in data quality management•Experience with using data profiling tools to query the data, identify anomalies, gaps and issues •Experience manipulating and analyzing large-scale data sets, performing root cause analysis, driving data and business requirements•Experience in scripting (Python, Perl, JavaScript, Shell) •Experience working BI reporting tools is a plus•General awareness of data management practices, emerging trends, and issues

Required•Degree specialized in a Science, Technology, Engineering, Mathematics discipline or equivalent work experience•Strong desire and experience with data in various forms (data warehouses/SQL, unstructured data environments)•Excellent analytical and reasoning skills; able to decompose complex problems and projects into manageable pieces; comfortable suggesting and presenting solutions•Comfortable working in a large organization with a broad set of stakeholders across various functions (i.e., Business, IT, Operations)•Proven track record of answering business questions using a quantitative, data-driven, analytical approach•Excellent verbal and written communication skills presenting complex analytical results to technical and non-technical audiences•Team-oriented and able to resolve conflicts, as necessary•Ability and desire to work in a start-up paced environment and culture•Excellent communication skills",http://www.indeed.com//rc/clk?jk=1c57c8959e16f4dd&fccid=0c39fb2c91742dcf&vjs=3,"New York, NY 10032",New York,Data Analyst
8,"Divihn Integration, inc","Our direct Healthcare client is looking for a Data Analyst. Please share your resume to Blessy(at)Divihn(com) with your contact details. Will share the complete description.Candidates must be able to work 100% onsite at New York City. Hence, local candidates are strongly preferred.Contract position till the year end with a possibility of extension.Must-Have3-5 years SQLAbility to work with raw data sources (CSV, JSON)Excel-Based Analysis & Powerpoint SlidesGood to Have: Ability to write parameterized SQL in a Python/Jupyter environmentConceptual understanding of digital advertising verticalPostgres, Redshift or other MPP databaseJob Types: Full-time, ContractSalary: $30.00 to $35.00 /hourExperience:SQL: 5 yearsLocation:New York, NY","http://www.indeed.com//company/Divihn-Integration,-inc/jobs/Junior-Data-Analyst-9835494100112d04?fccid=8c7f99843b597f25&vjs=3","New York, NY",New York,Jr. Data Analyst
9,Barclays Investment Bank,"Large HoldingsGlobal Large Shareholding regulations require Barclays to monitor and disclose the Firm's aggregate holdings in equity and equity related securities of publicly listed companies to regulators, exchanges and issuers. Market disclosures are preconditions to a liquid and efficient market, lowering the cost of capital and delivering benefits for investors. Global laws are complex and carry significant levels of risk that can lead to market destabilisation. Market failures lead to regulatory censure and reputational damage.Large Holdings is the functional area within Markets Operations and is responsible for ensuring the Firm meets its large shareholding monitoring, advisory and reporting obligations.The role holder will work within the Large Holdings Data Operations team to create and maintain an environment and capability that enables regulatory reporting, control and oversight across the Barclays Group in collaboration with Business Units and Head Office functions.The role holder will manage critical and complex data management requirements in collaboration with Barclays International, Barclays UK and Central Support Functions.Proactively managing Group Holdings and Transaction data to and maintaining a robust data governance framework.Delivering a structured approach to the analysis, resolution, reporting and measurement of data defects and leading data quality enhancements.Conceptualising, designing and implementing strategic solutions to enable Large Holdings to demonstrate adherence to data regulations and prioritised internal data projects.Key AccountabilitiesReporting to Large Holdings Head of Data Operations and working alongside Large Holdings Regulatory Operations team member in New York, the role holder’s responsibilities include group wide coverage of all equity based holding position and transaction data to deliver a structured approach to the analysis, resolution, reporting and measurement of data defects and to champion data quality enhancements. The ideal candidate will have a strong understanding of databases and data analysis procedures. The role holder will also possess excellent troubleshooting skills have excellent eye for detail, identify trends and patterns in information and have excellent computer skills.In this role you’ll be using your technical expertise to extrapolate data by using advanced computerised models.Assist with the delivery of Barclays Large Holdings obligations in the AmericasProvide advice to Business on Large Holdings disclosures, including: technical advice on the impact of financial instrument selection, transaction structure, sensitive industry, poison-pill, etc.Liaising with traders and the business to provide real-time trade approvals and position informationLiaising with traders and the business to establish clear understanding of product and trade structures and how they reflect on Large Holding monitoring.Conducting monitoring and surveillance activitiesAssist with reports and data extraction when neededEnforce policy standards for effective data managementDevelop and execute database queries and conduct analysis to interpret data, analyze results using statistical techniques interpret trends or patterns in complex data setsFilter and “clean” data by establishing and maintaining performance indicators to locate and correct data problemsSupport others in the daily use of data systems and ensure adherence to legal and company standardsTroubleshoot data-related problems and recommend maintenance or modificationsMonitor and analyze information and data systems and evaluate their performance to discover ways of enhancing themCreate visualizations and reports for requested projectsMaintain and enhance conformance frameworkConduct conformance testing and troubleshootingDevelop and update technical documentationBasic Qualifications/Skills:4 year Bachelor’s Degree3+ years Investment Banking or Financial Services Experience2+ years working specifically in an equity trading environmentPreferred Qualifications/Skills:Working understanding of database management systems (MSSQL, Oracle, Hadoop), online analytical processing (OLAP) and ETL (Extract, transform, load)Knowledge of enterprise reporting packages (such as Tableau, IBM Cognos, Business Objects etc),Knowledge of statistics and experience using statistical packages for analyzing datasets (Excel, SPSS, SAS etc)Knowledge of writing and reading SQL queries with tools such as MSSQL Studio, Oracle Toad, Oracle SQL Developer.Proficient in MS Office (Excel, Access, Word etc.)Strong analytical skills with the ability to collect, organize, analyze, and disseminate significant amounts of information with attention to detail and accuracyAnalytical mind with a problem-solving aptitudeExcellent communication and presentation skillsAbilities to take initiative and be innovativeJob Type: Full-timeExperience:Data Management: 1 yearReporting: 1 yearData Analytics: 1 yearSQL: 1 year",http://www.indeed.com//company/Resource-Solutions-for-Barclays-US/jobs/Data-Analyst-393213f5b7b60132?fccid=de5aa5840c43e50d&vjs=3,"New York, NY",New York,Data Analyst
10,Segment,"********
Overview
********

At Segment, we believe companies should be able to send their data wherever they want, whenever they want, with no fuss. We make this easy with a single platform that collects, stores, filters, transforms, and sends data to hundreds of business tools with the flip of a switch. More recently, we also developed the ability to let customers enrich their data in real time using computations they specify. Our goal is to make it easy to understand, extract value, and protect the integrity of data. We are creating a world where engineers spend their time working on their core product, letting us take care of the complexities of processing their customer data reliably at scale. We’re in the running to take over the entire customer data ecosystem, and we need the best people to take the market.

The Data Analytics role will act as a thought partner to a broad team of stakeholders. This is a foundational role that will empower teams to move faster with making data-based decisions for the business. We’re looking for a high-energy Analyst with high attention to detail, and desire to develop higher-order analytical skills.

Recent examples of our projects include:

Improved Gross Margin by identifying key drivers of infrastructure cost, segmenting customers based by their Gross Margin and developing initiatives to address infrastructure cost overspent
Streamlined incident handling by building automated dashboard to generate email list of affected customers; this saved hours of Engineering and Analytics time per incident
Supported Customer Happiness initiatives by defining SLA (Service Level Agreement) metrics, developing data pipeline to incorporate business logic in metrics calculation and operationalizing seamless report updates and delivery

---------------------

What you’ll do:
---------------------


Define relevant metrics for internal teams and develop tools and dashboards to make these metrics widely accessible and used across the organization
Formulate insights to drive improvements in product, process, and approach based on in-depth data analysis
Build and maintain data visualizations that empower decision-making across all Segment teams
Perform ad hoc analyses of varying depth to support strategic initiatives and answer questions arising in the day to day business

---------------------------------------
You’re a great fit if you…
---------------------------------------


You have 2+ years of experience in Analytics at a growth stage startup AND/OR experience in premier management consulting, PE/venture, or investment banking
You have validated experience writing queries
You have working knowledge of statistical methods
You have experience using data visualization tools to convey quantitative results clearly

-------------------

Bonus Points:
-------------------


Degree in Statistics, Mathematics, Operations Research, CS, Econometric or related field
Experience with Salesforce and marketing tools

This role requires being **full-time** in our San Francisco office

As a proud equal opportunity employer, we're committed to hiring top talent regardless of race, religion, color, national origin, sex, sexual orientation, gender identity, age, status as a protected veteran, status as an individual with a disability, or other applicable legally protected characteristics. We don't just accept difference - we celebrate you being who you are for the benefit of our employees, our products, and our community.",http://www.indeed.com//rc/clk?jk=eb11f0399765447f&fccid=1ed502f6da51dc36&vjs=3,"San Francisco, CA 94103",San Francisco,Data Analytics
11,Swish Analytics Inc.,"Job SummarySports analytics, betting and fantasy startup looking for an All-Star Data Analyst to join our growing engineering team. Swish Analytics’ boasts a high-performance team focused on pioneering the next generation of predictive sports analytics data products. We're looking for team players with authentic passion for accurate and predictive real-time data who can execute in a fast-paced, creative, and continually-evolving environment without sacrificing technical excellence. Our engineering challenges are unique, so you should be comfortable in uncharted territory and passionate about building systems to support products across a variety of industries and consumer/enterprise clients.As a member of our team, you'll have a direct impact on the infrastructure and delivery of our core consumer and enterprise data offerings. Our team is continually delivering the most innovative sports prediction analytics products in the consumer and enterprise marketplaces for new content creation, gamification, fantasy sports and sports betting experiences.Working in-office at our San Francisco HQ is mandatory. If you are interested, please reply with a cover letter, resume and information about why you're an ideal candidate.Responsibilities and DutiesJust some of the things you'll work on: Architect low-latency real-time analytics systems including raw data collection, model development and endpoint production.Build new sports betting data products and predictions offerings.Integrate large and complex real-time datasets into new consumer and enterprise products.Develop production-level predictive analytics into enterprise-grade APIs.Contribute to the design and implementation of new automated sports data delivery framework.Qualifications and SkillsThe kinds of skills we're looking for: Passion for accurate predictions and real-time data.We're looking for those who find true joy and satisfaction in building pioneering products with the latest and greatest predictive data technologies.Team player, comfortable leading.You understand the value and advantage of an entire team working in unison towards a common goal. You rely on candid feedback for continuous improvement and are comfortable leading others into uncharted technical territory.Fast learner.We're looking for individuals who thrive on learning new technologies and adapt easily to meet the needs of our rapidly evolving product suite and industry environment.Work ethic and fearlessness.You pride yourself on diving into new challenges. You love getting your hands dirty and understand that failure is sometimes the only route to finding the best solutions.Technical Requirements: B.A./B.S. in Mathematics, Computer Science, or related STEM fieldMust have passion for sports and knowledge of sports data (NFL, NBA, MLB, NHL)Proficiency in Python (2-4 years)Expertise in database management, SQL (2-4 years)Experience building ETL pipelinesExperience with data mining and analysisExperience with gitExperience utilizing REST APIsExperience with web scrapingExperience writing production level codeBonus points: Several projects on github that illustrate experience in the requirements abovePhd or MS in related fieldExperience building event-driven systemsBenefitsFull medical, dental and vision coverage. Unlimited vacation.Job Type: Full-timeLocation:San Francisco, CARequired work authorization:United States",http://www.indeed.com//company/Swish-Analytics-Inc./jobs/Data-Analyst-44a2b4394224d14c?fccid=e632785cd75868e9&vjs=3,"San Francisco, CA 94133",San Francisco,Data Analyst
12,Uber,"About Uber

We’re changing the way people think about transportation. Not that long ago we were just an app to request premium black cars in a few metropolitan areas. Now we’re a part of the logistical fabric of more than 600 cities around the world. Whether it’s a ride, a sandwich, or a package, we use technology to give people what they want, when they want it.

For the people who drive with Uber, our app represents a flexible new way to earn money. For cities, we help strengthen local economies, improve access to transportation, and make streets safer.

And that’s just what we’re doing today. We’re thinking about the future, too. With teams working on autonomous trucking and self-driving cars, we’re in for the long haul. We’re reimagining how people and things move from one place to the next.
About the Role

As a member of the Analytics & Insights team, the Data Analyst will drive the analyses behind decisions related to our community's support experience and management of our various lines of business. For this role you should have excellent analytical skills, excellent time-management and organizational habits, and the ability to clearly communicate and present information for stakeholders at all levels of the business. The ideal candidate for this role should have strong analytical skills, excellent time-management and organizational habits, and the ability to clearly communicate and present information to stakeholders at all levels of the business.
What You’ll Do

Own data analysis and visualization, and communicate the outcomes/insights to various stakeholders to aid strategic decisions for improvements in support experience for drivers and riders
Coordinate with other members of the Community Operations Team to measure the impact and efficiency of new products and business processes
Develop analytical frameworks to support decision making in the US and Canada
Partner closely with specific Lines of Businesses to provide insights that drive decisions around process, policy and service model
Build, maintain, and communicate detailed reporting & models

What You’ll Need

Minimum 2 years of data science, business intelligence, investment banking, consulting or related experience
BA, BS, or MS degree in Economics, Business, Engineering, Operations Research, or other quantitative focus
SQL fluency
Experience in reporting-based software, such as Shiny
Exceptional Excel & data management skills
Strong communication and organization skills

Bonus Points If

High-growth analytics or operations experience
Experience working in a support environment (contact management analytics, Zendesk API familiarity, etc.)
Programming languages such as R and/or Python

About the Team

The NorthAm Community Operations team ensures that we are providing high-quality support at scale. The Analytics & Insights team is tasked with providing critical business insights to help identify opportunities and implement operational improvements across our entire organization.",http://www.indeed.com//rc/clk?jk=0ec5be3725bee4f9&fccid=f766f8bfbc3effb7&vjs=3,"San Francisco, CA 94103",San Francisco,Analytics & Insights Data Analyst
13,Twilio,"About the job:
Twilio is seeking a Data Analyst for BI with industry experience and a deep understanding of data usage and life cycles across a SaaS-based organization. We are looking for someone to build the data visualization layer, used by our various business teams and business applications, in a way that enables the wide variety of downstream reporting required (from real-time, to daily/weekly/monthly summaries). This role will be responsible for the design and implementation of the data models, dashboards & reports that will involve building star schema structures, querying the data warehouse data and building visualization using BI/reporting tools. You will work closely with other members of the Business Intelligence team, as well as the analysts from various business teams, to ensure the solutions that are developed and implemented are tightly aligned to enterprise business standards and principles. This person will act as the subject matter expert for data models, dashboards, reports and overall analytics provided by Business Intelligence team.

Responsibilities:

Acquire data from data warehouse system by writing complex SQL queries
Collaborate with business users and other analysts in Finance, Marketing, Sales etc. to support their data needs
Work closely with data engineers in BI team to provide business rules that need to be built up in ETL solutions.
Design and build dimensional data models using star schemas for data warehouse
Build data visualizations with dashboards and reports for various business departments using one of the BI/reporting tools like Looker, Domo, Tableau etc.
Build internal data quality measures and processes to ensure the accuracy of data models, reports and dashboards
Build self service analytics environment which given easy drill down/up capabilities to business users and other analysts
Participate in defining and standardizing business metrics and key performance indicators
Identify, analyze, and interpret trends or patterns in complex data sets
Identify trends in large data sets and validate expected and unexpected trends in the data to assist in identifying solutions to resolve the unexpected

Requirements:

BS or MS in Computer Science, Information Management or related fields
1-3 years of experience building self service analytics solutions for business users across multiple domains like finance,marketing, sales etc.
Experience in building dimensional data models using star schemas
Experience working with various database systems and thorough understanding of database and SQL optimization techniques
Experience with one of the Business Intelligence and dashboarding/reporting tools, including Looker, Domo, Tableau, Informatica, etc.
Experience writing complex SQL queries in a data warehouse environment
Experience dealing with large, scalable, or high performance data systems
Familiarity or basic knowledge of one of the scripting languages like Python, Scala etc.
Strong analytical skills with the ability to collect, organize, analyze, and disseminate significant amounts of information with attention to detail and accuracy
Excellent oral and written communication skills and an ability to translate complicated technical issues for a non-technical audience

Bonus points:

Experience working in AWS environment
Experience working with distributed systems like Spark, Hive etc.

About us:
Twilio's mission is to fuel the future of communications. Developers and businesses use Twilio to make communications relevant and contextual by embedding messaging, voice and video capabilities directly into their software applications. Founded in 2008, Twilio has over 650 employees, with headquarters in San Francisco and other offices in Bogotá, Dublin, Hong Kong, London, Madrid, Mountain View, Munich, New York City, Singapore and Tallinn.

Twilio is proud to be an equal opportunity workplace and is an affirmative action employer. We are committed to equal opportunity regardless of race, color, ancestry, religion, gender, gender identity, parental or pregnancy status, national origin, sexual orientation, age, citizenship, marital status, disability, or Veteran status and operate in compliance with the San Francisco Fair Chance Ordinance.",http://www.indeed.com//rc/clk?jk=9579f42c9b1f4f57&fccid=2cd10564780b27e2&vjs=3,"San Francisco, CA",San Francisco,"Data Analyst, BI"
14,Sony Interactive Entertainment PlayStation,"Recognized as a global leader in interactive and digital entertainment, Sony Interactive Entertainment (SIE) is responsible for the PlayStation® brand and family of products and services. PlayStation has delivered innovation to the market since the launch of the original PlayStation in Japan in 1994. The PlayStation family of products and services include PlayStation®4, PlayStation®VR, PlayStation®Vita, PlayStation®3, PlayStation®Store, PlayStation®Plus, PlayStation™Video, PlayStation™Music, PlayStation™Now, PlayStation™Vue, PlayStation®Original and acclaimed PlayStation software titles from SIE Worldwide Studios. Headquartered in San Mateo, California, SIE is a wholly-owned subsidiary of Sony Corporation and has global functions and regional headquarters in California, London and Tokyo.

Business Analyst

San Mateo, CA

Description:
Sony Interactive Entertainment LLC (SIE), a subsidiary of Sony Corporation of America, is the premier provider of digital entertainment. Through the Sony Entertainment Network portal, consumers around the world are able to access their favorite digital entertainment conveniently and instantly on their favorite connected devices. SIE offers the latest and highest quality music, video, and game content through Sony Entertainment Network as well as PlayStation Network while also delivering third-party services. In addition, SIE provides a compelling consumer experience through innovative content discovery features and a simple user interface that is globally consistent, yet locally relevant.


Extract and integrate data from multiple databases/system sources via SQL and reporting tools to support status reporting and analytical efforts related to ecommerce management, services, execution, planning and tracking. Develop and manipulate spreadsheets, databases, and data and web analytical tools
Cross service analysis that focuses on video, music and gaming divisions.
An understanding of a la carte and subscription based business models.
Defining the annual budget across services including revenue and cost projections, operating profit and P&L view development
Tracking and reporting multiple financial KPIs to leadership on a monthly basis including revenue, studio and label revenue share payments, development and marketing costs, marketing ROI analysis, etc.
Financial modeling of various business structure, M&A options for various services within the business
Financial modeling and business case development for new growth ventures across services.
Assist Business Strategy and Analytics team in developing insightful and actionable analysis of Sony’ Network Services and Product Offerings
Develop data analysis and status reports as required to meet management requirements
Provide thought-leadership in on-going financial measurement and analysis of SIE’s services. Identify new ideas and opportunities for analytic projects
Analyze data from online marketing campaigns: user response, web site conversions, feature usage, attrition rates. Support online customer analyses, such as: Customer Segmentation, Retention Analysis, Lifetime Value Analysis, Marketing ROI, Brand Research, Site Utilization
Provide detailed monthly and quarterly financial overviews to management. Participate and support in delivering results and presentations to clients

Qualifications:

Minimum 1-2 years of experience in a business intelligence role, marketing analysis, business and/or financial management tasks for commercial organizations, preferably within the ecommerce space
Master's Degree in Advanced Mathematics, Statistics or Engineering preferred, BA/BS Degree (Mathematics, Statistics or Computer Science) is a minimum requirement.
A BA/BS Degree is required
SQL programming skills required
R Visualization experience
SPSS Modeler/SAS (Enterprise Guide)/SAS (Enterprise Miner) or similar experience
Business Model development and Forecasting abilities
Experience with standard BI Tools (Tableau, MicroStrategy, Business Objects, , Cognos, etc.) and web tools including Omniture, DFA, Webtrends, Visual Science, Coremetrics, WebSideStory, etc
Expert user of Microsoft Office (Work, Excel, Access, Project, and PowerPoint) as well as Visio in order to prepare all documents, presentations, tables, briefings, and worksheets Strong written & verbal communication skills
You are familiar with the PlayStation Network

Sony is an Equal Opportunity Employer. All persons will receive consideration for employment without regard to race, color, religion, gender, pregnancy, national origin, ancestry, citizenship, age, legally protected physical or mental disability, covered veteran status, status in the U.S. uniformed services, sexual orientation, gender identity, marital status, genetic information or membership in any other legally protected category.

We strive to create an inclusive environment, empower employees and embrace diversity. We encourage everyone to respond.

We sincerely appreciate the time and effort you spent in contacting us and we thank you for your interest in PlayStation.

#LI-GD1",http://www.indeed.com//rc/clk?jk=8d88aa173c36343f&fccid=dc156e4b91443100&vjs=3,"San Mateo, CA",San Francisco,Business Analyst
15,Electronic Arts,"Electronic Arts Inc. is a leading global interactive entertainment software company. EA delivers games, content and online services for Internet-connected consoles, personal computers, mobile phones and tablets.
Data Analyst

Location: Redwood Shores, CA

The Challenge Ahead:

As a Data Analyst within the Maxis Quality Verification team you will play a key role in analyzing our operational data to improve our Quality Verification strategies. You should be a sharp, curious, and analytic individual who has a passion for diving into data to solve business problems. Your insights will influence how we build and verify the quality of ours games.

What a Data Analyst does at EA:

Receives questions from your game team, understands the questions, and determines the data needed to answer them.
Assembles data from multiple sources, conducts analyses, performs research, designs, documents and implements analytical solutions.
Presents analysis conclusions to the game team in a clear, understandable, and valuable way. Tells compelling stories supported by data!
Takes responsibility and ownership for their active projects, always looking for new problems to solve and new concepts to implement.
Communicates clearly (and as often as needed) with team members and business stakeholders.
Builds strong relationships across the data analyst community, to share knowledge and learn from others.
Presents high quality reports and findings in Power BI or as presentations.
Builds metrics reporting systems and tracks process improvements across the team.
Conduct analysis using statistical software, databases, spreadsheets, and reporting tools
Design, evaluate and monitor key metrics, understanding root causes of changes in metrics
Develop and maintain scripts and queries to import, manipulate, clean, transform data from different sources
Build and share live dashboards and reports complete with user documentation
Perform quality assurance on generated results to ensure accuracy and consistency
The next great Data Analyst needs:

2-3 years in a past analytical role.
Data Analysis - Good knowledge of R language, MS Excel mastery, including VBA, PivotTables, and array functions - or other similar tools used for discovering data patterns and correlations through statistical methods.
University degree in a technical field (e.g. Computer Science, Statistics, Engineering, Mathematics, Operations Research, etc.)
Good math and analytical skills including statistics, simulation, and optimization - understanding of correlation, regression, classification and other statistical methods used to look at the data from different angles for use in prescriptive and predictive models.
Expert data visualization techniques for charts and reports - good knowledge of Microsoft Power BI and/or Tableau.
Must have very good database and SQL knowledge.
Strong problem solving and creative thinking skills.
Ability to start and maintain strong partnerships between valuable customers.
Professionalism in working with clients and working in a team environment.
EA is an equal opportunity employer. All employment decisions are made without regard to race, color, national origin, ancestry, sex, gender, gender identity or expression, sexual orientation, age, genetic information, religion, disability, medical condition, pregnancy, marital status, family status, veteran status, or any other characteristic protected by law. We will also consider for employment qualified applicants with criminal records in accordance with applicable law. EA also makes workplace accommodations for qualified individuals with disabilities as required by applicable law.",http://www.indeed.com//rc/clk?jk=03cc7c5936da7f78&fccid=617d7f961cfcf54a&vjs=3,"Redwood City, CA 94065",San Francisco,Data Analyst
16,Research Partnership,"About Research PartnershipOne of the world’s largest independent healthcare market research and consulting agenciesWe are trusted by the global pharmaceutical industry to provide the intelligence they need to flourish in an environment that's becoming ever more challenging.We work solely in healthcare, where our expertise and passion are unparalleled. Because we are independent, we can provide a truly bespoke service, managed by our large and experienced senior team and supported by our talented pool of professionally-trained researchers.What we deliver goes beyond research. Our clients see us as a valued healthcare consulting partner working to resolve their business challenges, providing strategic recommendations, immersion workshops and brand roadmaps to maximize their competitive edge.Graduate ProgramWe look for bright and inquisitive graduates who want to join a company that's pushing the boundaries of pharmaceutical market researchWe are proud of our graduate program which operates annually and offers great training and career opportunities. Many of our senior staff started on our graduate schemes.We believe in investing in our employees' training and development right from the start and throughout their careers. We provide learning and support at every stage of their journey so that employees can enjoy a career that's stimulating and develops future industry leaders.The RoleThis is an entry level job, perfect for those graduating college or less than 2 years of work experience. In your first year your role will focus on project management and analysis; you will be working on multiple projects at a time. To ensure you receive a broad grounding in a range of market research techniques and methodologies, you will support teams on both quantitative and qualitative studies. Working across both research disciplines, you will find no two days are the same. Responsibilities will range from content analysis of qualitative interviews to the charting of quantitative data in PowerPoint, as well as day-to-day project management responsibilities on international research studies. You will also be responsible for liaising with external fieldwork agencies to recruit respondents (e.g. doctors, nurses, patients) who agree to participate in our market research. As you progress further into your career with us, you will gain more responsibility for material design, report writing, presenting and overseeing an internal team. With the majority of our 180+ annual projects conducted in multiple markets you will get the chance to research markets across the globe and have the opportunity to travel. Our clients often want to view the research live at a Central Location in order to observe how respondents answer their questions. In this situation, someone from RP will attend to ensure the client is satisfied with the research and that everything is running smoothly.We are hiring Research Analysts in our San Francisco, New York, and Philadelphia offices!To find out more information and to apply, please visit: https://www.researchpartnership.com/careers/graduatecareers/usgrad/To apply directly, please visit: http://survey.euro.confirmit.com/wix/0/p1865272640.aspxJob Type: Full-time",http://www.indeed.com//company/Research-Partnership/jobs/Research-Analyst-449845635c779199?fccid=048da36011b03cc9&vjs=3,"San Francisco, CA",San Francisco,Research Analyst (Entry level)
17,Walmart eCommerce,"Position Description
We are looking for demand analysts to help build next generation forecasting models for Walmart. Improved forecast accuracy will help drive down the inventory days of supply and reduce waste for perishable grocery – savings measured in billions of dollars – while improving our instocks.

Effectively predicting demand involves learning from past sales and modeling the effects price, promotions, store placements, local events, weather etc. Doing this a Walmart scale – over 500 M store item combinations - makes it one of the largest and most challenging problems of its kind in the world while also being the most impactful. Talk to us to if you are interested in taking up the challenge.
Minimum Qualifications
BS/MS in Business/Statistics/Engineering or another highly quantitative discipline.Knowledge of demand management/forecasting tools, forecasting processes in sales, marketing operations, finance, manufacturing and supply chain issues.Experience conducting forecasting analysis, insuring forecasting processes and methods are followed.Extensive spreadsheet analysis and strong mathematical abilitiesComfortable working with large data setsExperience collaborating with technology and business teamsFamiliar with statistical and machine learning techniques, such as regression, clustering, and classification.Experience in R or Python and the forecasting, machine learning and scientific computing packages associated with them.Knowledge of relational databases and SQL.
Additional Preferred Qualifications

Company Summary
The Walmart eCommerce team is rapidly innovating to evolve and define the future state of shopping. As the world’s largest retailer, we are on a mission to help people save money and live better. With the help of some of the brightest minds in technology, merchandising, marketing, supply chain, talent and more, we are reimagining the intersection of digital and physical shopping to help achieve that mission.
Position Summary
The Smart Forecasting team @WalmartLabs is building a new forecasting platform to accurately forecast customer demand and so we can optimally replenish the store shelves.",http://www.indeed.com//rc/clk?jk=583ab496f7e45229&fccid=8c49e99f20f89e48&vjs=3,"San Bruno, CA 94066",San Francisco,Demand Analyst
18,Vim,"Overview

The mission at Vim is to lower the overall cost of healthcare in America while improving care quality and transforming the patient experience. We partner with healthcare organizations to connect members with high-value medical providers through our online marketplace. Vim is a healthcare services company fueled by technology with a relentless focus on customer and provider experience. Headquartered in San Francisco and backed by Sequoia Capital and GreatPoint Ventures, Vim serves Fortune 100 employers and health plans across the country.

We are looking for a Data Analyst but above all, we seek those who will work well with our team of mission driven, humble and resilient people who want to change healthcare for the better.

Your Role

Vim has unique access to health insurance and electronic health record data. Our goal is to use our unique access to this information to help our members and their providers improve the health of the populations we serve. You will be part of team responsible to organize and transform this data into actionable insights that will help Vim members and providers. In doing so, you will:


Create dashboards and reports that measure KPIs for consumers and providers
Research trends in key business metrics for internal stakeholders
Work with our engineering team to ingest, organize and link structured and unstructured healthcare data
Work with our product team to build consumer and provider facing tools that help them make better healthcare decisions
Work with our clinical team to build analytical systems and visualizations that enrich the care experience for our consumers and providers
Develop expertise in healthcare and population health

We Value


Superstars who aren’t afraid to tell us what to do (and are right most of the time)
Self-starters who thrive by turning problems into opportunities
Optimists who are confident, creative and gritty

Requirements


Bachelor’s degree in quantitative discipline (Applied Math, Economics, Finance, Statistics, etc.) or 2+ years of quantitative professional experience
Strong knowledge of SQL, some knowledge of Python or R preferred
Experience with data visualization and crafting narratives from data
Excellent communication skills including distilling results of complex analysis for a non-technical audience
Resiliency and creativity in the face of data access barriers, incomplete and insufficient data. Attention to detail while prioritizing what is important.
Healthcare experience is a plus but not required

Data Challenge

There are two tables shown below, providers and appointments. Please write a SQL query that generates a list of provider names along with the total number of visits (not consultations) for each provider and include the query in your cover letter.

providers
---------

prov_id
prov_name
prov_title

1
John Smith
MD

2
Mary Buchanan
DO

3
Bob Jones
NP

appointments
------------

appt_id
prov_id
appt_type
appt_date

1
1
Visit
2018-04-01

2
1
Visit
2018-04-02

3
1
Consultation
2018-04-03

4
1
Visit
2018-04-04

5
1
Visit
2018-04-05

6
1
Visit
2018-04-06

7
2
Visit
2018-04-01

8
2
Consultation
2018-04-02

9
2
Visit
2018-04-03

10
2
Visit
2018-04-04

11
2
Consultation
2018-04-05

12
3
Visit
2018-04-01

13
3
Visit
2018-04-02

14
3
Consultation
2018-04-03

15
3
Consultation
2018-04-04",http://www.indeed.com//rc/clk?jk=46ad396ed84567e3&fccid=d0307e94765ae9ff&vjs=3,"San Francisco, CA",San Francisco,Data Analyst
19,Pinterest,"As a Data Engineer on the Data Analytics team you'll provide necessary intelligence to the rest of the company that will enable making better product decisions. You'll make use of the latest advances in large scale data processing, machine learning, and data visualization to uncover insights in data. You’ll be part of the data engineering team, working on some of the most interesting datasets with a world-class team of engineers towards the mission of enabling data-driven products and insights at Pinterest.

What you’ll do:

Build scalable OLAP backend storage for data in PB scale.
Build robust data pipelines that collect, process, and compute business metrics from activity data using Spark
Work with business analysts and data engineers to build new analysis tools and metrics for measuring product engagement

What we're looking for:

Minimum 3 years of industry experience
Degree in computer science, machine learning, or statistics
Extensive programming experience in Python/Scala/Java
Extensive experience with one or more of the follow frameworks. (Spark, Druid, Hadoop, HBase, Kafka)

#LI-VW1",http://www.indeed.com//rc/clk?jk=163e4ef814b6f9fb&fccid=43014b1412e0a7b6&vjs=3,"San Francisco, CA 94103",San Francisco,"Data Engineer, Analytics"
